INSERT INTO apsdatabase.asset
(id, asset_id, asset_name, asset_type_id, asset_type, vendor_model, description, sn, status, used_status, used_date, department_id, department, location, value, responsible_person, installation_date, maintenance_log, spare_parts, documentation, attachment_name, attachment_dir, gmt_create, gmt_modified, deleted)
VALUES(1, 'S#123', 'pen', 1, 'Pen', '123', '', '11111111111', 1, 0, NULL, 1, 'Product', 'US', NULL, 'Ross', '2024-05-04 15:10:28', '4', '4', '4', NULL, NULL, '2024-05-04 15:10:36', '2024-05-15 02:44:03', 1);
INSERT INTO apsdatabase.asset
(id, asset_id, asset_name, asset_type_id, asset_type, vendor_model, description, sn, status, used_status, used_date, department_id, department, location, value, responsible_person, installation_date, maintenance_log, spare_parts, documentation, attachment_name, attachment_dir, gmt_create, gmt_modified, deleted)
VALUES(2, 'S#124', 'ruler', 2, 'Ruler', NULL, '', '22222222', 1, 0, NULL, 1, 'Product', 'US', NULL, 'Linda', '2024-05-07 15:02:16', '4', '4', '4', NULL, NULL, '2024-05-06 08:16:44', '2024-05-15 02:44:02', 1);
INSERT INTO apsdatabase.asset
(id, asset_id, asset_name, asset_type_id, asset_type, vendor_model, description, sn, status, used_status, used_date, department_id, department, location, value, responsible_person, installation_date, maintenance_log, spare_parts, documentation, attachment_name, attachment_dir, gmt_create, gmt_modified, deleted)
VALUES(3, 'S#125', 'mac pro', 3, 'Laptop', 'mac pro 2024', '', '33333333', 1, 1, '2024-05-14', 1, 'Product', 'US', NULL, 'Betty', '2024-05-04 00:00:00', '4', '4', '444444', NULL, NULL, '2024-05-06 08:26:21', '2024-05-15 02:44:03', 0);
INSERT INTO apsdatabase.asset
(id, asset_id, asset_name, asset_type_id, asset_type, vendor_model, description, sn, status, used_status, used_date, department_id, department, location, value, responsible_person, installation_date, maintenance_log, spare_parts, documentation, attachment_name, attachment_dir, gmt_create, gmt_modified, deleted)
VALUES(4, 'S#126', 'lenovo y9000', 3, 'Laptop', 'y9000', '', '4444444444', 1, 1, '2024-05-14', 1, 'Product', 'US', NULL, 'Joan', '2024-05-04 15:10:28', '4', '4', '4', NULL, NULL, '2024-05-06 08:46:36', '2024-05-15 02:44:01', 0);
INSERT INTO apsdatabase.asset
(id, asset_id, asset_name, asset_type_id, asset_type, vendor_model, description, sn, status, used_status, used_date, department_id, department, location, value, responsible_person, installation_date, maintenance_log, spare_parts, documentation, attachment_name, attachment_dir, gmt_create, gmt_modified, deleted)
VALUES(9, 'S#127', 'pen', 1, 'Pen', '123', '', '11111111111', 1, 1, '2024-05-12', 1, 'Product', 'US', NULL, 'Ross', '2024-05-04 15:10:28', '4', '4', '4', NULL, NULL, '2024-05-04 15:10:36', '2024-05-15 02:44:02', 0);
INSERT INTO apsdatabase.asset
(id, asset_id, asset_name, asset_type_id, asset_type, vendor_model, description, sn, status, used_status, used_date, department_id, department, location, value, responsible_person, installation_date, maintenance_log, spare_parts, documentation, attachment_name, attachment_dir, gmt_create, gmt_modified, deleted)
VALUES(10, '123', '2331', 4, 'Keyboard', NULL, 'f', 'adf', 3, 0, NULL, 1, 'Product', 'f', 'f', '220', NULL, NULL, NULL, NULL, '4任务书.docx', '/app/aps/attachments/75a256913f33433684b979267bee3dc9.docx', '2024-05-14 07:26:11', '2024-05-16 03:10:10', 0);
INSERT INTO apsdatabase.asset
(id, asset_id, asset_name, asset_type_id, asset_type, vendor_model, description, sn, status, used_status, used_date, department_id, department, location, value, responsible_person, installation_date, maintenance_log, spare_parts, documentation, attachment_name, attachment_dir, gmt_create, gmt_modified, deleted)
VALUES(11, '123', '123', 3, 'Laptop', NULL, 'f', 'adf', 2, 0, NULL, 1, 'Product', 'f', 'f', '220', NULL, NULL, NULL, NULL, '4任务书.docx', '/app/aps/attachments/03a3b7676a2b4fce9d5cf9ef72b08fee.docx', '2024-05-14 07:45:12', '2024-05-15 02:44:02', 0);
INSERT INTO apsdatabase.asset
(id, asset_id, asset_name, asset_type_id, asset_type, vendor_model, description, sn, status, used_status, used_date, department_id, department, location, value, responsible_person, installation_date, maintenance_log, spare_parts, documentation, attachment_name, attachment_dir, gmt_create, gmt_modified, deleted)
VALUES(12, '123', '789', 6, 'Bicycle', NULL, 'ffff', '455', 2, 0, NULL, 1, 'Product', 'fff', 'fff', '220ff', NULL, NULL, NULL, NULL, '4任务书.docx', '/app/aps/attachments/fa9b683042e645a2b722b8f62e7f4c7d.docx', '2024-05-14 07:45:58', '2024-05-15 02:44:01', 0);
INSERT INTO apsdatabase.asset
(id, asset_id, asset_name, asset_type_id, asset_type, vendor_model, description, sn, status, used_status, used_date, department_id, department, location, value, responsible_person, installation_date, maintenance_log, spare_parts, documentation, attachment_name, attachment_dir, gmt_create, gmt_modified, deleted)
VALUES(13, 'test_w', 'test_w', 1, 'Pen', NULL, 'test_w', 'test_w', 1, 0, NULL, 1, 'Product', 'test_w', 'test_w', 'test_w', NULL, NULL, NULL, NULL, 'X-ETL&X-DAM数据源连接管理用户手册V2.60.0.pdf', '/app/aps/attachments/9376fcd45faf4305bb3ddf96f0ee2ba1.pdf', '2024-05-15 09:19:45', '2024-05-15 02:44:02', 0);
INSERT INTO apsdatabase.asset
(id, asset_id, asset_name, asset_type_id, asset_type, vendor_model, description, sn, status, used_status, used_date, department_id, department, location, value, responsible_person, installation_date, maintenance_log, spare_parts, documentation, attachment_name, attachment_dir, gmt_create, gmt_modified, deleted)
VALUES(14, 'test_w', 'test_w', 1, 'Pen', NULL, 'test_w', 'test_w', 1, 0, NULL, 1, 'Product', 'test_w', 'test_w', 'test_w', NULL, NULL, NULL, NULL, 'X-ETL&X-DAM数据源连接管理用户手册V2.60.0.pdf', '/app/aps/attachments/ab920eaa18c3470cbbdc743ca140bd8b.pdf', '2024-05-15 09:20:34', '2024-05-15 02:44:01', 0);
INSERT INTO apsdatabase.asset
(id, asset_id, asset_name, asset_type_id, asset_type, vendor_model, description, sn, status, used_status, used_date, department_id, department, location, value, responsible_person, installation_date, maintenance_log, spare_parts, documentation, attachment_name, attachment_dir, gmt_create, gmt_modified, deleted)
VALUES(15, 'test_w', 'test_w', 1, 'Pen', NULL, 'test_w', 'test_w', 2, 1, '2024-05-15', 1, 'Product', 'test_w', 'test_w', 'test_w', NULL, NULL, NULL, NULL, 'X-ETL&X-DAM数据源连接管理用户手册V2.60.0.pdf', '/app/aps/attachments/62b5785724a04de6a9bcd23a8a8ddd95.pdf', '2024-05-15 09:21:41', '2024-05-15 02:44:03', 0);
INSERT INTO apsdatabase.asset
(id, asset_id, asset_name, asset_type_id, asset_type, vendor_model, description, sn, status, used_status, used_date, department_id, department, location, value, responsible_person, installation_date, maintenance_log, spare_parts, documentation, attachment_name, attachment_dir, gmt_create, gmt_modified, deleted)
VALUES(16, 'dsds#111', 'ffff', 8, 'Paper', NULL, '111', '11121', 1, 0, NULL, 1, 'Product', '11', '11', '11', NULL, NULL, NULL, NULL, '1.txt', '/app/aps/attachments/7850f172384942149000056d1a4b32ef.txt', '2024-05-15 09:59:22', '2024-05-15 02:44:01', 0);
INSERT INTO apsdatabase.asset
(id, asset_id, asset_name, asset_type_id, asset_type, vendor_model, description, sn, status, used_status, used_date, department_id, department, location, value, responsible_person, installation_date, maintenance_log, spare_parts, documentation, attachment_name, attachment_dir, gmt_create, gmt_modified, deleted)
VALUES(17, '123', 'aaa', 4, 'Keyboard', NULL, '谁都发生地方是', 'adf', 2, 0, NULL, 1, 'Product', 'f', 'f', '冯绍峰多少', NULL, NULL, NULL, NULL, '4任务书.docx', '/app/aps/attachments/839cf1e24c094c12bf83d4d615326dfd.docx', '2024-05-15 10:06:43', '2024-05-15 02:44:03', 0);
INSERT INTO apsdatabase.asset
(id, asset_id, asset_name, asset_type_id, asset_type, vendor_model, description, sn, status, used_status, used_date, department_id, department, location, value, responsible_person, installation_date, maintenance_log, spare_parts, documentation, attachment_name, attachment_dir, gmt_create, gmt_modified, deleted)
VALUES(18, '123', '233', 3, 'Laptop', NULL, 'f', 'adf', 3, 0, NULL, 1, 'Product', 'f', 'f', '220', NULL, NULL, NULL, NULL, '4任务书.docx', 'D:\\asset\\upload\\6417664ff9f447db84fd74459e357dad.docx', '2024-05-15 10:14:23', '2024-05-15 02:44:03', 0);
INSERT INTO apsdatabase.asset
(id, asset_id, asset_name, asset_type_id, asset_type, vendor_model, description, sn, status, used_status, used_date, department_id, department, location, value, responsible_person, installation_date, maintenance_log, spare_parts, documentation, attachment_name, attachment_dir, gmt_create, gmt_modified, deleted)
VALUES(19, 'wewqw', 'qwqw', 11, 'Blackboard', NULL, 'qqq', 'qweq', 1, 0, NULL, NULL, 'Product', 'qq', 'qqq', 'qq', NULL, NULL, NULL, NULL, '1.txt', '/app/aps/attachments/723521148dcf4747944bfd7e9a769663.txt', '2024-05-15 10:46:22', '2024-05-15 02:50:38', 0);
INSERT INTO apsdatabase.asset
(id, asset_id, asset_name, asset_type_id, asset_type, vendor_model, description, sn, status, used_status, used_date, department_id, department, location, value, responsible_person, installation_date, maintenance_log, spare_parts, documentation, attachment_name, attachment_dir, gmt_create, gmt_modified, deleted)
VALUES(20, '123', 'testDepartment', 2, 'Ruler', NULL, 'f', 'adf', 2, 0, NULL, 2, 'Sale', 'f', 'f', '220', NULL, NULL, NULL, NULL, '4任务书.docx', '/app/aps/attachments/71bae8a2b28948709016dfa9762628db.docx', '2024-05-15 14:45:23', '2024-05-15 06:45:23', 0);
INSERT INTO apsdatabase.asset
(id, asset_id, asset_name, asset_type_id, asset_type, vendor_model, description, sn, status, used_status, used_date, department_id, department, location, value, responsible_person, installation_date, maintenance_log, spare_parts, documentation, attachment_name, attachment_dir, gmt_create, gmt_modified, deleted)
VALUES(21, 'asd', 'asd', 1, 'Pen', NULL, 'asd', 'asd', 1, 1, '2024-05-15', 8, 'aaaa', 'asd', 'asd', 'asd', NULL, NULL, NULL, NULL, 'X-ETL&X-DAM数据源连接管理用户手册V2.60.0.pdf', '/app/aps/attachments/935b4963e0fc4d9aaf073008d3d858a7.pdf', '2024-05-15 18:57:55', '2024-05-15 10:57:55', 0);
INSERT INTO apsdatabase.asset
(id, asset_id, asset_name, asset_type_id, asset_type, vendor_model, description, sn, status, used_status, used_date, department_id, department, location, value, responsible_person, installation_date, maintenance_log, spare_parts, documentation, attachment_name, attachment_dir, gmt_create, gmt_modified, deleted)
VALUES(22, 'asda', 'asda', 1, 'Pen', NULL, 'asd', 'asd', 1, 1, '2024-05-17', 11, 'frank dep', 'asd', 'asd', 'asd', NULL, NULL, NULL, NULL, 'X-ETL&X-DAM数据源连接管理用户手册V2.60.0 (1).pdf', '/app/aps/attachments/d32ff178a7534c509c9bfbb6048456a9.pdf', '2024-05-17 10:01:11', '2024-05-17 02:01:11', 0);
INSERT INTO apsdatabase.asset
(id, asset_id, asset_name, asset_type_id, asset_type, vendor_model, description, sn, status, used_status, used_date, department_id, department, location, value, responsible_person, installation_date, maintenance_log, spare_parts, documentation, attachment_name, attachment_dir, gmt_create, gmt_modified, deleted)
VALUES(23, '123123', 'pen-wenhao', 1, 'Pen', NULL, 'asd', 'pen-wenhao', 1, 1, '2024-05-17', 11, 'frank dep', 'asd', 'asd', 'asd', NULL, NULL, NULL, NULL, 'X-ETL&X-DAM数据源连接管理用户手册V2.60.0 (1) (1).pdf', '/app/aps/attachments/a4b8083f767e4491927845f9b00893be.pdf', '2024-05-17 10:02:51', '2024-05-17 02:02:51', 0);
INSERT INTO apsdatabase.asset_type
(id, asset_type, safety_stock_quantity, unit, supplier_name, icon, price_value, gmt_create, gmt_modified, deleted)
VALUES(1, 'Pen', 0, 'pcs', 'apple', NULL, 1000, '2024-05-07 06:03:31', '2024-05-15 06:57:49', 0);
INSERT INTO apsdatabase.asset_type
(id, asset_type, safety_stock_quantity, unit, supplier_name, icon, price_value, gmt_create, gmt_modified, deleted)
VALUES(2, 'Ruler', 0, 'pcs', 'apple', NULL, 600, '2024-05-07 06:03:31', '2024-05-15 06:57:50', 0);
INSERT INTO apsdatabase.asset_type
(id, asset_type, safety_stock_quantity, unit, supplier_name, icon, price_value, gmt_create, gmt_modified, deleted)
VALUES(3, 'Laptop', 0, 'pcs', 'lenovo', NULL, 5000, '2024-05-07 06:03:31', '2024-05-15 06:57:50', 0);
INSERT INTO apsdatabase.asset_type
(id, asset_type, safety_stock_quantity, unit, supplier_name, icon, price_value, gmt_create, gmt_modified, deleted)
VALUES(4, 'Keyboard', 0, 'pcs', 'lenovo', NULL, 660, '2024-05-07 06:03:31', '2024-05-15 06:57:48', 0);
INSERT INTO apsdatabase.asset_type
(id, asset_type, safety_stock_quantity, unit, supplier_name, icon, price_value, gmt_create, gmt_modified, deleted)
VALUES(5, 'Clock', 0, 'pcs', 'apple', NULL, 500, '2024-05-07 06:03:31', '2024-05-15 06:57:50', 0);
INSERT INTO apsdatabase.asset_type
(id, asset_type, safety_stock_quantity, unit, supplier_name, icon, price_value, gmt_create, gmt_modified, deleted)
VALUES(6, 'Bicycle', 0, 'pcs', 'apple', NULL, 1200, '2024-05-07 06:03:31', '2024-05-15 06:57:50', 0);
INSERT INTO apsdatabase.asset_type
(id, asset_type, safety_stock_quantity, unit, supplier_name, icon, price_value, gmt_create, gmt_modified, deleted)
VALUES(7, 'Desk', 0, 'pcs', 'apple', NULL, 200, '2024-05-07 06:03:31', '2024-05-15 06:57:50', 0);
INSERT INTO apsdatabase.asset_type
(id, asset_type, safety_stock_quantity, unit, supplier_name, icon, price_value, gmt_create, gmt_modified, deleted)
VALUES(8, 'Paper', 0, 'pcs', 'apple', NULL, 3200, '2024-05-07 06:03:31', '2024-05-15 06:57:49', 0);
INSERT INTO apsdatabase.asset_type
(id, asset_type, safety_stock_quantity, unit, supplier_name, icon, price_value, gmt_create, gmt_modified, deleted)
VALUES(9, 'Book', 0, 'pcs', 'apple', NULL, 3000, '2024-05-07 06:03:31', '2024-05-15 06:57:49', 0);
INSERT INTO apsdatabase.asset_type
(id, asset_type, safety_stock_quantity, unit, supplier_name, icon, price_value, gmt_create, gmt_modified, deleted)
VALUES(10, 'Bag', 0, 'pcs', 'apple', NULL, 200, '2024-05-07 06:03:31', '2024-05-15 06:57:48', 0);
INSERT INTO apsdatabase.asset_type
(id, asset_type, safety_stock_quantity, unit, supplier_name, icon, price_value, gmt_create, gmt_modified, deleted)
VALUES(11, 'Blackboard', 0, 'pcs', 'apple', NULL, 100, '2024-05-07 06:03:31', '2024-05-15 06:57:49', 0);
INSERT INTO apsdatabase.asset_type
(id, asset_type, safety_stock_quantity, unit, supplier_name, icon, price_value, gmt_create, gmt_modified, deleted)
VALUES(12, 'Chair', 0, 'Chair', 'Chair', NULL, 0, '2024-05-16 14:22:13', '2024-05-16 06:22:13', 0);
INSERT INTO apsdatabase.asset_type
(id, asset_type, safety_stock_quantity, unit, supplier_name, icon, price_value, gmt_create, gmt_modified, deleted)
VALUES(13, 'Headphones', 0, 'Headphones', 'Headphones', NULL, 0, '2024-05-16 15:00:05', '2024-05-16 07:00:05', 0);
INSERT INTO apsdatabase.asset_type
(id, asset_type, safety_stock_quantity, unit, supplier_name, icon, price_value, gmt_create, gmt_modified, deleted)
VALUES(14, 'Chair2', 0, 'Chair2', 'Chair2', NULL, 0, '2024-05-16 15:04:36', '2024-05-16 07:04:36', 0);
INSERT INTO apsdatabase.asset_type
(id, asset_type, safety_stock_quantity, unit, supplier_name, icon, price_value, gmt_create, gmt_modified, deleted)
VALUES(15, 'gdvbgfxf', 0, '', '', NULL, 0, '2024-05-17 09:47:20', '2024-05-17 01:47:20', 0);
INSERT INTO apsdatabase.department
(id, department_name, gmt_create, gmt_modified, deleted)
VALUES(1, 'Product', '2024-05-13 09:43:44', '2024-05-13 09:43:44', 0);
INSERT INTO apsdatabase.department
(id, department_name, gmt_create, gmt_modified, deleted)
VALUES(2, 'Sale', '2024-05-13 09:43:56', '2024-05-13 09:43:56', 0);
INSERT INTO apsdatabase.department
(id, department_name, gmt_create, gmt_modified, deleted)
VALUES(3, 'newDepartment', '2024-05-15 14:35:19', '2024-05-15 06:35:19', 0);
INSERT INTO apsdatabase.department
(id, department_name, gmt_create, gmt_modified, deleted)
VALUES(4, 'newDepartment 2', '2024-05-15 14:37:37', '2024-05-15 06:37:37', 0);
INSERT INTO apsdatabase.department
(id, department_name, gmt_create, gmt_modified, deleted)
VALUES(5, 'new Department 3', '2024-05-15 14:42:47', '2024-05-15 06:42:47', 0);
INSERT INTO apsdatabase.department
(id, department_name, gmt_create, gmt_modified, deleted)
VALUES(6, 'new Department 4', '2024-05-15 16:34:01', '2024-05-15 08:34:01', 0);
INSERT INTO apsdatabase.department
(id, department_name, gmt_create, gmt_modified, deleted)
VALUES(7, 'new Department 5', '2024-05-15 17:13:36', '2024-05-15 09:13:36', 0);
INSERT INTO apsdatabase.department
(id, department_name, gmt_create, gmt_modified, deleted)
VALUES(8, 'aaaa', '2024-05-15 18:57:45', '2024-05-15 10:57:45', 0);
INSERT INTO apsdatabase.department
(id, department_name, gmt_create, gmt_modified, deleted)
VALUES(9, 'joy team', '2024-05-17 09:50:40', '2024-05-17 01:50:40', 0);
INSERT INTO apsdatabase.department
(id, department_name, gmt_create, gmt_modified, deleted)
VALUES(10, 'frank', '2024-05-17 09:58:46', '2024-05-17 01:58:46', 0);
INSERT INTO apsdatabase.department
(id, department_name, gmt_create, gmt_modified, deleted)
VALUES(11, 'frank dep', '2024-05-17 09:59:14', '2024-05-17 01:59:14', 0);
INSERT INTO apsdatabase.inventory
(id, asset_type_id, asset_type, quantity, unit, usage_rate, supplier_name, expected_quantity, creation_time, expected_date, gmt_create, gmt_modified, deleted)
VALUES(1, 1, 'Pen', 10, 'pcs', 0, 'apple', 20, '2024-05-07 14:48:05', '2024-05-06', '2024-05-07 06:48:21', '2024-05-08 07:47:48', 0);
INSERT INTO apsdatabase.inventory
(id, asset_type_id, asset_type, quantity, unit, usage_rate, supplier_name, expected_quantity, creation_time, expected_date, gmt_create, gmt_modified, deleted)
VALUES(2, 1, 'Pen', 10, 'pcs', 0, 'apple', 20, '2024-05-07 14:48:05', '2024-05-09', '2024-05-07 06:48:21', '2024-05-09 07:38:43', 0);
INSERT INTO apsdatabase.inventory
(id, asset_type_id, asset_type, quantity, unit, usage_rate, supplier_name, expected_quantity, creation_time, expected_date, gmt_create, gmt_modified, deleted)
VALUES(3, 1, 'Pen', 10, 'pcs', 0, 'apple', 20, '2024-05-07 14:48:05', '2024-05-11', '2024-05-07 06:48:21', '2024-05-10 02:04:14', 0);
INSERT INTO apsdatabase.inventory
(id, asset_type_id, asset_type, quantity, unit, usage_rate, supplier_name, expected_quantity, creation_time, expected_date, gmt_create, gmt_modified, deleted)
VALUES(4, 2, 'Ruler', 10, 'pcs', 0, 'apple', 20, '2024-05-07 14:48:05', '2024-05-24', '2024-05-07 06:48:21', '2024-05-10 06:57:44', 0);
INSERT INTO apsdatabase.inventory
(id, asset_type_id, asset_type, quantity, unit, usage_rate, supplier_name, expected_quantity, creation_time, expected_date, gmt_create, gmt_modified, deleted)
VALUES(5, 3, 'Laptop', NULL, 'pcs', NULL, 'lenovo', 30, '2024-05-14 16:25:31', '2024-05-20', '2024-05-14 08:25:33', '2024-05-14 08:25:33', 0);
INSERT INTO apsdatabase.inventory
(id, asset_type_id, asset_type, quantity, unit, usage_rate, supplier_name, expected_quantity, creation_time, expected_date, gmt_create, gmt_modified, deleted)
VALUES(6, 3, 'Laptop', NULL, 'pcs', NULL, 'lenovo', 30, '2024-05-14 16:26:16', '2024-05-21', '2024-05-14 08:26:17', '2024-05-14 08:26:17', 0);
INSERT INTO apsdatabase.inventory
(id, asset_type_id, asset_type, quantity, unit, usage_rate, supplier_name, expected_quantity, creation_time, expected_date, gmt_create, gmt_modified, deleted)
VALUES(7, 4, 'Keyboard', NULL, 'pcs', NULL, 'lenovo', 30, '2024-05-14 16:52:14', '2024-05-21', '2024-05-14 08:52:14', '2024-05-14 08:52:14', 0);
INSERT INTO apsdatabase.inventory
(id, asset_type_id, asset_type, quantity, unit, usage_rate, supplier_name, expected_quantity, creation_time, expected_date, gmt_create, gmt_modified, deleted)
VALUES(8, 12, 'Chair', NULL, 'Chair', NULL, 'Chair', 60, '2024-05-16 14:51:23', '2024-05-16', '2024-05-16 14:51:23', '2024-05-16 06:51:23', 0);
INSERT INTO apsdatabase.inventory
(id, asset_type_id, asset_type, quantity, unit, usage_rate, supplier_name, expected_quantity, creation_time, expected_date, gmt_create, gmt_modified, deleted)
VALUES(9, 12, 'Chair', NULL, 'Chair', NULL, 'Chair', 20, '2024-05-16 14:52:07', '2024-05-17', '2024-05-16 14:52:07', '2024-05-16 06:52:07', 0);
INSERT INTO apsdatabase.inventory
(id, asset_type_id, asset_type, quantity, unit, usage_rate, supplier_name, expected_quantity, creation_time, expected_date, gmt_create, gmt_modified, deleted)
VALUES(10, 13, 'Headphones', NULL, 'Headphones', NULL, 'Headphones', 60, '2024-05-16 15:00:13', '2024-05-16', '2024-05-16 15:00:13', '2024-05-16 07:00:13', 0);
INSERT INTO apsdatabase.inventory
(id, asset_type_id, asset_type, quantity, unit, usage_rate, supplier_name, expected_quantity, creation_time, expected_date, gmt_create, gmt_modified, deleted)
VALUES(11, 12, 'Chair', NULL, 'Chair', NULL, 'Chair', 60, '2024-05-16 15:03:14', '2024-05-15', '2024-05-16 15:03:14', '2024-05-16 07:03:14', 0);
INSERT INTO apsdatabase.inventory
(id, asset_type_id, asset_type, quantity, unit, usage_rate, supplier_name, expected_quantity, creation_time, expected_date, gmt_create, gmt_modified, deleted)
VALUES(12, 1, 'Pen', NULL, 'pcs', NULL, 'apple', 50, '2024-05-16 15:04:02', '2024-05-17', '2024-05-16 15:04:02', '2024-05-17 02:00:43', 0);
INSERT INTO apsdatabase.inventory
(id, asset_type_id, asset_type, quantity, unit, usage_rate, supplier_name, expected_quantity, creation_time, expected_date, gmt_create, gmt_modified, deleted)
VALUES(13, 14, 'Chair2', NULL, 'Chair2', NULL, 'Chair2', 60, '2024-05-16 15:04:58', '2024-05-16', '2024-05-16 15:04:58', '2024-05-16 07:04:58', 0);
INSERT INTO apsdatabase.inventory
(id, asset_type_id, asset_type, quantity, unit, usage_rate, supplier_name, expected_quantity, creation_time, expected_date, gmt_create, gmt_modified, deleted)
VALUES(14, 14, 'Chair2', NULL, 'Chair2', NULL, 'Chair2', 60, '2024-05-16 15:32:39', '2024-05-17', '2024-05-16 15:32:39', '2024-05-16 07:32:39', 0);
INSERT INTO apsdatabase.inventory
(id, asset_type_id, asset_type, quantity, unit, usage_rate, supplier_name, expected_quantity, creation_time, expected_date, gmt_create, gmt_modified, deleted)
VALUES(15, 1, 'Pen', NULL, 'pcs', NULL, 'apple', 60, '2024-05-16 15:57:00', '2024-05-18', '2024-05-16 15:57:00', '2024-05-16 07:57:00', 0);
INSERT INTO apsdatabase.inventory
(id, asset_type_id, asset_type, quantity, unit, usage_rate, supplier_name, expected_quantity, creation_time, expected_date, gmt_create, gmt_modified, deleted)
VALUES(16, 3, 'Laptop', NULL, 'pcs', NULL, 'lenovo', 60, '2024-05-16 15:58:07', '2024-05-15', '2024-05-16 15:58:07', '2024-05-16 07:58:07', 0);
INSERT INTO apsdatabase.inventory
(id, asset_type_id, asset_type, quantity, unit, usage_rate, supplier_name, expected_quantity, creation_time, expected_date, gmt_create, gmt_modified, deleted)
VALUES(17, 2, 'Ruler', NULL, 'pcs', NULL, 'apple', 60, '2024-05-16 15:58:45', '2024-05-15', '2024-05-16 15:58:45', '2024-05-16 07:58:45', 0);
INSERT INTO apsdatabase.inventory
(id, asset_type_id, asset_type, quantity, unit, usage_rate, supplier_name, expected_quantity, creation_time, expected_date, gmt_create, gmt_modified, deleted)
VALUES(18, 1, 'Pen', NULL, 'pcs', NULL, 'apple', 20, '2024-05-17 09:25:16', '2024-05-20', '2024-05-17 09:25:16', '2024-05-17 01:25:16', 0);
INSERT INTO apsdatabase.inventory
(id, asset_type_id, asset_type, quantity, unit, usage_rate, supplier_name, expected_quantity, creation_time, expected_date, gmt_create, gmt_modified, deleted)
VALUES(19, 1, 'Pen', NULL, 'pcs', NULL, 'apple', 90, '2024-05-17 09:25:35', '2024-05-21', '2024-05-17 09:25:35', '2024-05-17 01:25:35', 0);
INSERT INTO apsdatabase.inventory
(id, asset_type_id, asset_type, quantity, unit, usage_rate, supplier_name, expected_quantity, creation_time, expected_date, gmt_create, gmt_modified, deleted)
VALUES(20, 1, 'Pen', NULL, 'pcs', NULL, 'apple', 22, '2024-05-17 09:32:38', '2024-05-24', '2024-05-17 09:32:38', '2024-05-17 01:32:38', 0);
INSERT INTO apsdatabase.inventory
(id, asset_type_id, asset_type, quantity, unit, usage_rate, supplier_name, expected_quantity, creation_time, expected_date, gmt_create, gmt_modified, deleted)
VALUES(21, 1, 'Pen', NULL, 'pcs', NULL, 'apple', 123123, '2024-05-17 09:32:46', '2024-05-30', '2024-05-17 09:32:46', '2024-05-17 01:32:46', 0);
INSERT INTO apsdatabase.inventory
(id, asset_type_id, asset_type, quantity, unit, usage_rate, supplier_name, expected_quantity, creation_time, expected_date, gmt_create, gmt_modified, deleted)
VALUES(22, 1, 'Pen', NULL, 'pcs', NULL, 'apple', 111, '2024-05-17 09:32:53', '2024-06-05', '2024-05-17 09:32:53', '2024-05-17 01:32:53', 0);
INSERT INTO apsdatabase.inventory
(id, asset_type_id, asset_type, quantity, unit, usage_rate, supplier_name, expected_quantity, creation_time, expected_date, gmt_create, gmt_modified, deleted)
VALUES(23, 1, 'Pen', NULL, 'pcs', NULL, 'apple', 123, '2024-05-17 09:33:04', '2024-06-20', '2024-05-17 09:33:04', '2024-05-17 01:33:04', 0);
INSERT INTO apsdatabase.inventory
(id, asset_type_id, asset_type, quantity, unit, usage_rate, supplier_name, expected_quantity, creation_time, expected_date, gmt_create, gmt_modified, deleted)
VALUES(24, 15, 'gdvbgfxf', NULL, '', NULL, '', 20, '2024-05-17 09:47:40', '2024-05-22', '2024-05-17 09:47:40', '2024-05-17 01:47:40', 0);
INSERT INTO apsdatabase.inventory
(id, asset_type_id, asset_type, quantity, unit, usage_rate, supplier_name, expected_quantity, creation_time, expected_date, gmt_create, gmt_modified, deleted)
VALUES(25, 9, 'Book', NULL, 'pcs', NULL, 'apple', 400, '2024-05-17 10:02:03', '2024-05-15', '2024-05-17 10:02:03', '2024-05-17 02:02:03', 0);
INSERT INTO apsdatabase.inventory
(id, asset_type_id, asset_type, quantity, unit, usage_rate, supplier_name, expected_quantity, creation_time, expected_date, gmt_create, gmt_modified, deleted)
VALUES(26, 1, 'Pen', 10, 'pcs', 0, 'apple', 20, '2024-05-07 14:48:05', '2024-04-06', '2024-05-07 06:48:21', '2024-05-08 07:47:48', 0);
INSERT INTO apsdatabase.inventory
(id, asset_type_id, asset_type, quantity, unit, usage_rate, supplier_name, expected_quantity, creation_time, expected_date, gmt_create, gmt_modified, deleted)
VALUES(27, 1, 'Pen', 10, 'pcs', 0, 'apple', 20, '2024-05-07 14:48:05', '2024-04-07', '2024-05-07 06:48:21', '2024-05-08 07:47:48', 0);
INSERT INTO apsdatabase.inventory
(id, asset_type_id, asset_type, quantity, unit, usage_rate, supplier_name, expected_quantity, creation_time, expected_date, gmt_create, gmt_modified, deleted)
VALUES(28, 1, 'Pen', 10, 'pcs', 0, 'apple', 20, '2024-05-07 14:48:05', '2024-04-08', '2024-05-07 06:48:21', '2024-05-08 07:47:48', 0);
INSERT INTO apsdatabase.inventory
(id, asset_type_id, asset_type, quantity, unit, usage_rate, supplier_name, expected_quantity, creation_time, expected_date, gmt_create, gmt_modified, deleted)
VALUES(29, 1, 'Pen', 10, 'pcs', 0, 'apple', 20, '2024-05-07 14:48:05', '2024-04-09', '2024-05-07 06:48:21', '2024-05-08 07:47:48', 0);
INSERT INTO apsdatabase.inventory
(id, asset_type_id, asset_type, quantity, unit, usage_rate, supplier_name, expected_quantity, creation_time, expected_date, gmt_create, gmt_modified, deleted)
VALUES(30, 1, 'Pen', 10, 'pcs', 0, 'apple', 20, '2024-05-07 14:48:05', '2024-04-10', '2024-05-07 06:48:21', '2024-05-08 07:47:48', 0);
INSERT INTO apsdatabase.inventory
(id, asset_type_id, asset_type, quantity, unit, usage_rate, supplier_name, expected_quantity, creation_time, expected_date, gmt_create, gmt_modified, deleted)
VALUES(31, 1, 'Pen', 10, 'pcs', 0, 'apple', 20, '2024-05-07 14:48:05', '2024-04-11', '2024-05-07 06:48:21', '2024-05-08 07:47:48', 0);
INSERT INTO apsdatabase.inventory
(id, asset_type_id, asset_type, quantity, unit, usage_rate, supplier_name, expected_quantity, creation_time, expected_date, gmt_create, gmt_modified, deleted)
VALUES(32, 1, 'Pen', 10, 'pcs', 0, 'apple', 20, '2024-05-07 14:48:05', '2024-04-12', '2024-05-07 06:48:21', '2024-05-08 07:47:48', 0);
INSERT INTO apsdatabase.inventory
(id, asset_type_id, asset_type, quantity, unit, usage_rate, supplier_name, expected_quantity, creation_time, expected_date, gmt_create, gmt_modified, deleted)
VALUES(33, 1, 'Pen', 10, 'pcs', 0, 'apple', 20, '2024-05-07 14:48:05', '2024-04-13', '2024-05-07 06:48:21', '2024-05-08 07:47:48', 0);
INSERT INTO apsdatabase.maintenance
(id, asset_type_id, scheduled_date, content, status, completed_time, gmt_create, gmt_modified, deleted)
VALUES(1, 1, '2024-05-15', '11111111', 0, NULL, '2024-05-15 07:14:01', '2024-05-15 07:14:01', 0);
INSERT INTO apsdatabase.maintenance
(id, asset_type_id, scheduled_date, content, status, completed_time, gmt_create, gmt_modified, deleted)
VALUES(2, 1, '2024-05-14', '2222', 0, NULL, '2024-05-15 07:14:24', '2024-05-15 07:14:24', 0);
INSERT INTO apsdatabase.maintenance
(id, asset_type_id, scheduled_date, content, status, completed_time, gmt_create, gmt_modified, deleted)
VALUES(3, 1, '2024-05-14', 'dfsdfsfdsfdds', 1, '2024-05-15 15:27:27', '2024-05-15 15:24:59', '2024-05-15 07:27:06', 0);
INSERT INTO apsdatabase.work_order
(id, order_id, order_name, order_type, description, asset_id, priority, creation_time, due_time, completion_time, status, assigned_to, created_by, notes, gmt_create, gmt_modified, deleted)
VALUES(1, 'S#123', 'abc', 'abc type ', '111111', 'Q#2222', 1, '2024-05-09 13:41:59', '2024-05-09 13:42:04', NULL, 1, 1, 'admin', '4444444', '2024-05-09 05:42:48', '2024-05-16 01:38:43', 1);
INSERT INTO apsdatabase.work_order
(id, order_id, order_name, order_type, description, asset_id, priority, creation_time, due_time, completion_time, status, assigned_to, created_by, notes, gmt_create, gmt_modified, deleted)
VALUES(2, 'S#124', 'abc2', 'abc type 2', '1111112', 'Q#4555', 1, '2024-05-09 13:41:59', '2024-05-09 13:42:04', NULL, 1, 2, 'admin', '55', '2024-05-09 05:42:48', '2024-05-13 09:45:46', 1);
INSERT INTO apsdatabase.work_order
(id, order_id, order_name, order_type, description, asset_id, priority, creation_time, due_time, completion_time, status, assigned_to, created_by, notes, gmt_create, gmt_modified, deleted)
VALUES(3, 'S#124', 'test_new work order', 'test_new work order', 'f', '123', 2, '2024-05-15 00:00:00', '2024-05-15 00:00:00', NULL, 3, 3, 'admin', NULL, '2024-05-15 17:10:53', '2024-05-17 06:20:53', 1);
INSERT INTO apsdatabase.work_order
(id, order_id, order_name, order_type, description, asset_id, priority, creation_time, due_time, completion_time, status, assigned_to, created_by, notes, gmt_create, gmt_modified, deleted)
VALUES(4, 'asd', 'asd', 'asd', '', 'asd', 1, '2024-05-16 00:00:00', '2024-05-16 00:00:00', NULL, 2, 3, 'admin', NULL, '2024-05-15 18:56:04', '2024-05-17 06:20:53', 1);
INSERT INTO apsdatabase.work_order
(id, order_id, order_name, order_type, description, asset_id, priority, creation_time, due_time, completion_time, status, assigned_to, created_by, notes, gmt_create, gmt_modified, deleted)
VALUES(5, 'asd', 'asdasd', 'asd', '', 'asd', 1, '2024-05-17 00:00:00', '2024-05-07 00:00:00', NULL, 2, 6, 'admin', NULL, '2024-05-15 18:56:37', '2024-05-15 10:56:37', 0);
INSERT INTO apsdatabase.work_order
(id, order_id, order_name, order_type, description, asset_id, priority, creation_time, due_time, completion_time, status, assigned_to, created_by, notes, gmt_create, gmt_modified, deleted)
VALUES(6, 'asd', 'asda', 'asd', '', 'asd', 2, '2024-05-16 00:00:00', '2024-05-15 00:00:00', NULL, 3, 3, 'admin', NULL, '2024-05-16 09:31:42', '2024-05-17 01:49:23', 1);
INSERT INTO apsdatabase.work_order
(id, order_id, order_name, order_type, description, asset_id, priority, creation_time, due_time, completion_time, status, assigned_to, created_by, notes, gmt_create, gmt_modified, deleted)
VALUES(7, 'S#123', '阿斯顿发生地方', '阿斯顿发生地方', '', '123', 3, '2024-05-15 00:00:00', '2024-05-15 00:00:00', NULL, 3, 4, 'admin', NULL, '2024-05-16 09:38:08', '2024-05-16 01:38:16', 1);
INSERT INTO apsdatabase.work_order
(id, order_id, order_name, order_type, description, asset_id, priority, creation_time, due_time, completion_time, status, assigned_to, created_by, notes, gmt_create, gmt_modified, deleted)
VALUES(8, 'S#123', '阿斯顿发生地方', '阿斯顿发生地方', '', '阿斯顿发生地方', 2, '2024-05-14 00:00:00', '2024-05-16 00:00:00', NULL, 2, 4, 'admin', NULL, '2024-05-16 09:39:27', '2024-05-16 01:39:31', 1);
INSERT INTO apsdatabase.work_order
(id, order_id, order_name, order_type, description, asset_id, priority, creation_time, due_time, completion_time, status, assigned_to, created_by, notes, gmt_create, gmt_modified, deleted)
VALUES(9, 'joy123', 'joy', 'kjdskdsk', 'fsggstdghh', 'shasahks', 1, '2024-05-17 00:00:00', '2024-05-24 00:00:00', NULL, 2, 9, 'admin', NULL, '2024-05-17 09:50:54', '2024-05-17 06:19:29', 1);
INSERT INTO apsdatabase.work_order
(id, order_id, order_name, order_type, description, asset_id, priority, creation_time, due_time, completion_time, status, assigned_to, created_by, notes, gmt_create, gmt_modified, deleted)
VALUES(10, 'asd', 'asd', 'asd', 'asdasda', 'asd', 3, '2024-05-17 00:00:00', '2024-05-17 00:00:00', NULL, 1, 9, 'admin', NULL, '2024-05-17 09:58:01', '2024-05-17 01:58:01', 0);
INSERT INTO apsdatabase.work_order
(id, order_id, order_name, order_type, description, asset_id, priority, creation_time, due_time, completion_time, status, assigned_to, created_by, notes, gmt_create, gmt_modified, deleted)
VALUES(11, 'asd', 'asd', 'asd', 'asdasdasd', 'asd', 2, '2024-05-18 00:00:00', '2024-05-23 00:00:00', NULL, 4, 11, 'admin', NULL, '2024-05-17 09:59:35', '2024-05-17 01:59:35', 0);